ID élève,Vague,Voeu 1,Voeu 2,Voeu 3,Voeu 4,Voeu 5
S0,1,CONF_5,CONF_12,CONF_16,CONF_23,CONF_3
S1,2,CONF_27,CONF_26,CONF_15,CONF_11,CONF_16
S2,1,CONF_8,CONF_28,CONF_12,CONF_16,CONF_11
S3,2,CONF_4,CONF_14,CONF_17,CONF_10,CONF_19
S4,2,CONF_10,CONF_21,CONF_22,CONF_17,CONF_14
S5,1,CONF_23,CONF_21,CONF_2,CONF_7,CONF_25
S6,2,CONF_11,CONF_28,CONF_7,CONF_25,CONF_3
S7,2,CONF_4,CONF_27,CONF_16,CONF_25,CONF_23
S8,1,CONF_2,CONF_19,CONF_6,CONF_27,CONF_11
S9,2,CONF_14,CONF_25,CONF_6,CONF_11,CONF_19
S10,1,CONF_16,CONF_13,CONF_7,CONF_28,CONF_11
S11,1,CONF_3,CONF_1,CONF_8,CONF_10,CONF_24
S12,1,CONF_6,CONF_17,CONF_19,CONF_16,CONF_2
S13,2,CONF_21,CONF_1,CONF_16,CONF_18,CONF_3
S14,1,CONF_4,CONF_18,CONF_0,CONF_11,CONF_24
S15,1,CONF_12,CONF_13,CONF_14,CONF_2,CONF_21
S16,2,CONF_2,CONF_17,CONF_6,CONF_12,CONF_21
S17,2,CONF_4,CONF_26,CONF_1,CONF_18,CONF_10
S18,1,CONF_12,CONF_1,CONF_24,CONF_28,CONF_2
S19,2,CONF_28,CONF_26,CONF_8,CONF_24,CONF_14
S20,1,CONF_23,CONF_6,CONF_20,CONF_29,CONF_9
S21,2,CONF_20,CONF_2,CONF_11,CONF_29,CONF_17
S22,1,CONF_9,CONF_8,CONF_28,CONF_16,CONF_26
S23,1,CONF_0,CONF_3,CONF_27,CONF_9,CONF_23
S24,1,CONF_28,CONF_26,CONF_23,CONF_17,CONF_4
S25,2,CONF_29,CONF_24,CONF_4,CONF_26,CONF_21
S26,1,CONF_7,CONF_28,CONF_5,CONF_4,CONF_1
S27,1,CONF_15,CONF_20,CONF_22,CONF_6,CONF_23
S28,1,CONF_22,CONF_10,CONF_11,CONF_16,CONF_29
S29,2,CONF_28,CONF_16,CONF_18,CONF_13,CONF_29
S30,1,CONF_24,CONF_16,CONF_28,CONF_8,CONF_18
S31,2,CONF_25,CONF_6,CONF_18,CONF_13,CONF_27
S32,1,CONF_25,CONF_28,CONF_23,CONF_6,CONF_2
S33,2,CONF_11,CONF_17,CONF_9,CONF_29,CONF_24
S34,2,CONF_11,CONF_18,CONF_0,CONF_9,CONF_15
S35,1,CONF_17,CONF_26,CONF_14,CONF_8,CONF_13
S36,1,CONF_14,CONF_19,CONF_20,CONF_2,CONF_29
S37,2,CONF_27,CONF_1,CONF_28,CONF_5,CONF_20
S38,2,CONF_2,CONF_19,CONF_18,CONF_28,CONF_8
S39,1,CONF_7,CONF_27,CONF_2,CONF_29,CONF_24
S40,1,CONF_14,CONF_24,CONF_29,CONF_18,CONF_12
S41,2,CONF_11,CONF_7,CONF_12,CONF_18,CONF_8
S42,1,CONF_5,CONF_4,CONF_12,CONF_8,CONF_0
S43,1,CONF_7,CONF_9,CONF_24,CONF_21,CONF_13
S44,1,CONF_5,CONF_0,CONF_12,CONF_2,CONF_19
S45,2,CONF_1,CONF_12,CONF_24,CONF_25,CONF_27
S46,2,CONF_23,CONF_2,CONF_20,CONF_21,CONF_28
S47,2,CONF_7,CONF_19,CONF_18,CONF_2,CONF_4
S48,1,CONF_12,CONF_8,CONF_3,CONF_5,CONF_19
S49,2,CONF_23,CONF_21,CONF_20,CONF_29,CONF_15
S50,2,CONF_15,CONF_21,CONF_7,CONF_10,CONF_3
S51,1,CONF_17,CONF_21,CONF_9,CONF_6,CONF_2
S52,2,CONF_2,CONF_14,CONF_17,CONF_22,CONF_12
S53,1,CONF_28,CONF_2,CONF_22,CONF_29,CONF_25
S54,1,CONF_18,CONF_19,CONF_17,CONF_7,CONF_14
S55,1,CONF_4,CONF_18,CONF_6,CONF_21,CONF_15
S56,2,CONF_24,CONF_19,CONF_26,CONF_5,CONF_17
S57,1,CONF_28,CONF_19,CONF_24,CONF_11,CONF_15
S58,2,CONF_28,CONF_12,CONF_27,CONF_0,CONF_29
S59,1,CONF_8,CONF_24,CONF_26,CONF_13,CONF_14
S60,2,CONF_9,CONF_18,CONF_23,CONF_26,CONF_12
S61,2,CONF_20,CONF_22,CONF_26,CONF_27,CONF_2
S62,2,CONF_1,CONF_7,CONF_28,CONF_27,CONF_19
S63,2,CONF_16,CONF_6,CONF_29,CONF_21,CONF_15
S64,1,CONF_4,CONF_9,CONF_28,CONF_1,CONF_21
S65,1,CONF_13,CONF_7,CONF_9,CONF_26,CONF_1
S66,1,CONF_0,CONF_14,CONF_23,CONF_16,CONF_19
S67,1,CONF_7,CONF_12,CONF_27,CONF_4,CONF_0
S68,1,CONF_24,CONF_6,CONF_14,CONF_19,CONF_13
S69,1,CONF_28,CONF_12,CONF_11,CONF_15,CONF_8
S70,2,CONF_4,CONF_8,CONF_28,CONF_20,CONF_6
S71,2,CONF_15,CONF_9,CONF_24,CONF_17,CONF_23
S72,2,CONF_20,CONF_29,CONF_2,CONF_17,CONF_22
S73,2,CONF_28,CONF_20,CONF_29,CONF_23,CONF_4
S74,2,CONF_17,CONF_2,CONF_27,CONF_15,CONF_20
S75,2,CONF_17,CONF_6,CONF_25,CONF_10,CONF_15
S76,1,CONF_16,CONF_24,CONF_23,CONF_1,CONF_15
S77,1,CONF_12,CONF_14,CONF_28,CONF_13,CONF_0
S78,1,CONF_5,CONF_11,CONF_13,CONF_23,CONF_10
S79,2,CONF_11,CONF_22,CONF_21,CONF_19,CONF_6
S80,2,CONF_22,CONF_16,CONF_5,CONF_9,CONF_14
S81,2,CONF_13,CONF_19,CONF_16,CONF_14,CONF_28
S82,2,CONF_14,CONF_3,CONF_12,CONF_26,CONF_24
S83,2,CONF_1,CONF_14,CONF_9,CONF_25,CONF_7
S84,1,CONF_22,CONF_4,CONF_28,CONF_14,CONF_25
S85,1,CONF_10,CONF_28,CONF_11,CONF_18,CONF_16
S86,1,CONF_10,CONF_29,CONF_2,CONF_19,CONF_8
S87,2,CONF_14,CONF_28,CONF_27,CONF_8,CONF_15
S88,2,CONF_1,CONF_12,CONF_7,CONF_18,CONF_26
S89,1,CONF_22,CONF_26,CONF_3,CONF_16,CONF_11
S90,2,CONF_10,CONF_13,CONF_28,CONF_3,CONF_26
S91,2,CONF_0,CONF_26,CONF_24,CONF_6,CONF_12
S92,1,CONF_18,CONF_10,CONF_26,CONF_15,CONF_7
S93,1,CONF_2,CONF_0,CONF_13,CONF_1,CONF_29
S94,1,CONF_25,CONF_21,CONF_19,CONF_17,CONF_8
S95,1,CONF_22,CONF_24,CONF_20,CONF_17,CONF_13
S96,1,CONF_25,CONF_17,CONF_10,CONF_28,CONF_7
S97,2,CONF_28,CONF_9,CONF_15,CONF_18,CONF_27
S98,1,CONF_7,CONF_29,CONF_15,CONF_18,CONF_10
S99,2,CONF_17,CONF_0,CONF_11,CONF_15,CONF_5
S100,2,CONF_22,CONF_10,CONF_16,CONF_9,CONF_13
S101,2,CONF_5,CONF_21,CONF_18,CONF_20,CONF_9
S102,2,CONF_14,CONF_18,CONF_11,CONF_29,CONF_17
S103,1,CONF_19,CONF_28,CONF_21,CONF_29,CONF_5
S104,1,CONF_12,CONF_14,CONF_0,CONF_1,CONF_25
S105,1,CONF_26,CONF_5,CONF_11,CONF_12,CONF_10
S106,1,CONF_24,CONF_6,CONF_2,CONF_1,CONF_5
S107,1,CONF_3,CONF_10,CONF_23,CONF_27,CONF_22
S108,1,CONF_15,CONF_29,CONF_21,CONF_11,CONF_23
S109,1,CONF_29,CONF_4,CONF_11,CONF_19,CONF_8
S110,2,CONF_16,CONF_21,CONF_14,CONF_17,CONF_10
S111,1,CONF_18,CONF_5,CONF_12,CONF_22,CONF_10
S112,1,CONF_23,CONF_19,CONF_1,CONF_21,CONF_18
S113,1,CONF_18,CONF_19,CONF_17,CONF_27,CONF_9
S114,2,CONF_22,CONF_1,CONF_25,CONF_3,CONF_21
S115,2,CONF_21,CONF_28,CONF_17,CONF_2,CONF_7
S116,1,CONF_15,CONF_5,CONF_18,CONF_17,CONF_10
S117,1,CONF_22,CONF_3,CONF_29,CONF_15,CONF_23
S118,2,CONF_17,CONF_19,CONF_3,CONF_23,CONF_25
S119,1,CONF_14,CONF_13,CONF_24,CONF_29,CONF_0
S120,1,CONF_2,CONF_0,CONF_13,CONF_18,CONF_16
S121,2,CONF_5,CONF_18,CONF_14,CONF_16,CONF_7
S122,1,CONF_11,CONF_21,CONF_7,CONF_26,CONF_25
S123,1,CONF_18,CONF_17,CONF_16,CONF_27,CONF_12
S124,1,CONF_20,CONF_6,CONF_5,CONF_13,CONF_21
S125,1,CONF_19,CONF_20,CONF_10,CONF_16,CONF_24
S126,2,CONF_21,CONF_28,CONF_13,CONF_16,CONF_6
S127,1,CONF_1,CONF_28,CONF_4,CONF_14,CONF_17
S128,1,CONF_7,CONF_17,CONF_27,CONF_2,CONF_16
S129,2,CONF_11,CONF_23,CONF_18,CONF_27,CONF_3
S130,2,CONF_28,CONF_0,CONF_21,CONF_6,CONF_10
S131,1,CONF_2,CONF_28,CONF_16,CONF_8,CONF_0
S132,1,CONF_12,CONF_1,CONF_8,CONF_27,CONF_14
S133,1,CONF_18,CONF_16,CONF_26,CONF_13,CONF_12
S134,2,CONF_26,CONF_15,CONF_7,CONF_2,CONF_11
S135,1,CONF_8,CONF_15,CONF_7,CONF_3,CONF_19
S136,1,CONF_29,CONF_6,CONF_22,CONF_18,CONF_15
S137,1,CONF_3,CONF_28,CONF_10,CONF_17,CONF_8
S138,1,CONF_1,CONF_9,CONF_28,CONF_22,CONF_16
S139,2,CONF_3,CONF_2,CONF_21,CONF_9,CONF_12
S140,1,CONF_18,CONF_11,CONF_25,CONF_7,CONF_23
S141,2,CONF_2,CONF_27,CONF_20,CONF_11,CONF_29
S142,2,CONF_27,CONF_11,CONF_6,CONF_24,CONF_0
S143,1,CONF_25,CONF_10,CONF_4,CONF_1,CONF_19
S144,2,CONF_21,CONF_13,CONF_12,CONF_18,CONF_19
S145,2,CONF_23,CONF_16,CONF_2,CONF_4,CONF_19
S146,2,CONF_9,CONF_13,CONF_11,CONF_5,CONF_18
S147,2,CONF_5,CONF_10,CONF_9,CONF_6,CONF_2
S148,1,CONF_15,CONF_5,CONF_8,CONF_24,CONF_12
S149,2,CONF_25,CONF_29,CONF_26,CONF_3,CONF_20
S150,1,CONF_13,CONF_20,CONF_10,CONF_2,CONF_7
S151,2,CONF_27,CONF_24,CONF_11,CONF_23,CONF_19
S152,2,CONF_21,CONF_23,CONF_8,CONF_2,CONF_3
S153,1,CONF_11,CONF_15,CONF_26,CONF_20,CONF_18
S154,2,CONF_1,CONF_4,CONF_9,CONF_21,CONF_20
S155,1,CONF_12,CONF_20,CONF_16,CONF_14,CONF_10
S156,1,CONF_28,CONF_20,CONF_25,CONF_19,CONF_29
S157,2,CONF_11,CONF_17,CONF_15,CONF_2,CONF_1
S158,2,CONF_2,CONF_17,CONF_11,CONF_7,CONF_21
S159,2,CONF_24,CONF_27,CONF_1,CONF_3,CONF_25
S160,2,CONF_11,CONF_19,CONF_18,CONF_21,CONF_5
S161,1,CONF_11,CONF_17,CONF_21,CONF_27,CONF_15
S162,2,CONF_14,CONF_5,CONF_25,CONF_21,CONF_9
S163,1,CONF_27,CONF_2,CONF_0,CONF_23,CONF_7
S164,1,CONF_20,CONF_1,CONF_0,CONF_18,CONF_21
S165,2,CONF_27,CONF_29,CONF_6,CONF_13,CONF_19
S166,2,CONF_19,CONF_13,CONF_9,CONF_24,CONF_15
S167,1,CONF_19,CONF_10,CONF_7,CONF_8,CONF_1
S168,2,CONF_21,CONF_19,CONF_1,CONF_12,CONF_7
S169,2,CONF_15,CONF_0,CONF_27,CONF_8,CONF_13
S170,2,CONF_15,CONF_19,CONF_21,CONF_7,CONF_28
S171,1,CONF_7,CONF_1,CONF_29,CONF_19,CONF_20
S172,1,CONF_6,CONF_7,CONF_24,CONF_23,CONF_26
S173,2,CONF_0,CONF_5,CONF_10,CONF_20,CONF_9
S174,2,CONF_20,CONF_15,CONF_17,CONF_2,CONF_28
S175,2,CONF_25,CONF_17,CONF_9,CONF_2,CONF_18
S176,2,CONF_21,CONF_15,CONF_14,CONF_4,CONF_6
S177,2,CONF_20,CONF_18,CONF_12,CONF_24,CONF_8
S178,1,CONF_8,CONF_9,CONF_19,CONF_14,CONF_29
S179,2,CONF_19,CONF_23,CONF_20,CONF_3,CONF_1
S180,2,CONF_13,CONF_23,CONF_20,CONF_28,CONF_5
S181,2,CONF_24,CONF_20,CONF_14,CONF_29,CONF_6
S182,2,CONF_7,CONF_21,CONF_6,CONF_29,CONF_13
S183,1,CONF_5,CONF_15,CONF_11,CONF_26,CONF_22
S184,1,CONF_26,CONF_19,CONF_21,CONF_9,CONF_13
S185,2,CONF_1,CONF_12,CONF_18,CONF_20,CONF_19
S186,1,CONF_0,CONF_14,CONF_1,CONF_23,CONF_9
S187,1,CONF_2,CONF_12,CONF_3,CONF_18,CONF_14
S188,2,CONF_15,CONF_9,CONF_3,CONF_25,CONF_14
S189,2,CONF_14,CONF_16,CONF_3,CONF_24,CONF_2
S190,2,CONF_2,CONF_13,CONF_27,CONF_11,CONF_15
S191,1,CONF_15,CONF_29,CONF_13,CONF_27,CONF_20
S192,1,CONF_25,CONF_0,CONF_21,CONF_17,CONF_13
S193,2,CONF_28,CONF_4,CONF_16,CONF_2,CONF_3
S194,2,CONF_27,CONF_6,CONF_20,CONF_12,CONF_10
S195,2,CONF_25,CONF_7,CONF_3,CONF_10,CONF_19
S196,2,CONF_15,CONF_23,CONF_25,CONF_21,CONF_13
S197,2,CONF_9,CONF_14,CONF_15,CONF_10,CONF_8
S198,1,CONF_28,CONF_13,CONF_6,CONF_14,CONF_1
S199,1,CONF_26,CONF_17,CONF_11,CONF_3,CONF_28
S200,2,CONF_22,CONF_4,CONF_19,CONF_12,CONF_26
S201,2,CONF_1,CONF_7,CONF_13,CONF_3,CONF_14
S202,2,CONF_28,CONF_1,CONF_11,CONF_7,CONF_25
S203,1,CONF_21,CONF_1,CONF_18,CONF_14,CONF_0
S204,2,CONF_21,CONF_7,CONF_19,CONF_28,CONF_27
S205,1,CONF_3,CONF_14,CONF_28,CONF_18,CONF_19
S206,2,CONF_16,CONF_0,CONF_15,CONF_11,CONF_26
S207,1,CONF_6,CONF_21,CONF_4,CONF_7,CONF_17
S208,1,CONF_4,CONF_22,CONF_8,CONF_9,CONF_2
S209,2,CONF_4,CONF_7,CONF_17,CONF_3,CONF_5
S210,1,CONF_24,CONF_12,CONF_1,CONF_10,CONF_6
S211,2,CONF_21,CONF_25,CONF_1,CONF_16,CONF_8
S212,1,CONF_9,CONF_5,CONF_13,CONF_7,CONF_11
S213,1,CONF_13,CONF_9,CONF_21,CONF_24,CONF_27
S214,1,CONF_21,CONF_25,CONF_18,CONF_8,CONF_7
S215,1,CONF_15,CONF_1,CONF_21,CONF_11,CONF_2
S216,1,CONF_18,CONF_3,CONF_13,CONF_12,CONF_25
S217,1,CONF_23,CONF_3,CONF_2,CONF_29,CONF_0
S218,2,CONF_26,CONF_14,CONF_0,CONF_13,CONF_1
S219,1,CONF_16,CONF_11,CONF_12,CONF_10,CONF_18
S220,2,CONF_6,CONF_9,CONF_0,CONF_2,CONF_14
S221,1,CONF_24,CONF_27,CONF_17,CONF_12,CONF_7
S222,1,CONF_5,CONF_4,CONF_11,CONF_7,CONF_14
S223,2,CONF_21,CONF_16,CONF_27,CONF_14,CONF_25
S224,2,CONF_23,CONF_26,CONF_25,CONF_11,CONF_1
S225,2,CONF_7,CONF_12,CONF_23,CONF_16,CONF_17
S226,1,CONF_19,CONF_29,CONF_20,CONF_26,CONF_5
S227,1,CONF_20,CONF_18,CONF_8,CONF_9,CONF_14
S228,2,CONF_3,CONF_28,CONF_21,CONF_27,CONF_2
S229,1,CONF_27,CONF_22,CONF_0,CONF_14,CONF_25
S230,2,CONF_26,CONF_24,CONF_2,CONF_3,CONF_28
S231,2,CONF_21,CONF_7,CONF_2,CONF_28,CONF_6
S232,2,CONF_0,CONF_24,CONF_16,CONF_12,CONF_1
S233,1,CONF_8,CONF_16,CONF_18,CONF_20,CONF_21
S234,1,CONF_13,CONF_6,CONF_18,CONF_25,CONF_23
S235,1,CONF_16,CONF_12,CONF_17,CONF_9,CONF_20
S236,2,CONF_18,CONF_28,CONF_1,CONF_0,CONF_16
S237,1,CONF_22,CONF_3,CONF_11,CONF_19,CONF_8
S238,2,CONF_22,CONF_24,CONF_3,CONF_11,CONF_28
S239,2,CONF_5,CONF_6,CONF_3,CONF_9,CONF_26
S240,2,CONF_24,CONF_0,CONF_18,CONF_27,CONF_11
S241,1,CONF_27,CONF_18,CONF_29,CONF_23,CONF_14
S242,2,CONF_3,CONF_13,CONF_0,CONF_29,CONF_4
S243,2,CONF_13,CONF_10,CONF_21,CONF_11,CONF_26
S244,1,CONF_23,CONF_24,CONF_2,CONF_5,CONF_16
S245,2,CONF_8,CONF_29,CONF_10,CONF_9,CONF_18
S246,2,CONF_15,CONF_9,CONF_20,CONF_26,CONF_12
S247,2,CONF_19,CONF_23,CONF_26,CONF_15,CONF_28
S248,1,CONF_27,CONF_3,CONF_14,CONF_9,CONF_28
S249,2,CONF_8,CONF_6,CONF_25,CONF_16,CONF_14
S250,1,CONF_10,CONF_18,CONF_19,CONF_11,CONF_5
S251,2,CONF_11,CONF_0,CONF_24,CONF_4,CONF_10
S252,1,CONF_18,CONF_0,CONF_20,CONF_26,CONF_21
S253,2,CONF_0,CONF_23,CONF_20,CONF_8,CONF_6
S254,2,CONF_6,CONF_18,CONF_10,CONF_4,CONF_7
S255,1,CONF_22,CONF_29,CONF_15,CONF_12,CONF_24
S256,2,CONF_7,CONF_5,CONF_16,CONF_28,CONF_11
S257,1,CONF_20,CONF_11,CONF_22,CONF_17,CONF_25
S258,2,CONF_23,CONF_25,CONF_17,CONF_28,CONF_7
S259,2,CONF_23,CONF_28,CONF_17,CONF_4,CONF_13
S260,2,CONF_18,CONF_3,CONF_21,CONF_2,CONF_25
S261,2,CONF_13,CONF_20,CONF_27,CONF_29,CONF_9
S262,1,CONF_4,CONF_16,CONF_0,CONF_9,CONF_17
S263,2,CONF_19,CONF_26,CONF_27,CONF_13,CONF_18
S264,2,CONF_16,CONF_5,CONF_3,CONF_9,CONF_14
S265,2,CONF_26,CONF_22,CONF_24,CONF_27,CONF_21
S266,2,CONF_17,CONF_19,CONF_13,CONF_0,CONF_18
S267,1,CONF_23,CONF_1,CONF_9,CONF_29,CONF_24
S268,2,CONF_18,CONF_8,CONF_17,CONF_6,CONF_4
S269,1,CONF_26,CONF_7,CONF_6,CONF_29,CONF_17
S270,1,CONF_18,CONF_4,CONF_26,CONF_12,CONF_15
S271,2,CONF_19,CONF_7,CONF_23,CONF_14,CONF_24
S272,2,CONF_23,CONF_18,CONF_4,CONF_21,CONF_28
S273,1,CONF_14,CONF_25,CONF_8,CONF_28,CONF_27
S274,2,CONF_29,CONF_16,CONF_19,CONF_21,CONF_18
S275,2,CONF_0,CONF_29,CONF_12,CONF_18,CONF_15
S276,1,CONF_6,CONF_0,CONF_19,CONF_9,CONF_8
S277,1,CONF_8,CONF_13,CONF_18,CONF_11,CONF_24
S278,1,CONF_1,CONF_27,CONF_22,CONF_26,CONF_23
S279,1,CONF_5,CONF_16,CONF_14,CONF_28,CONF_29
S280,2,CONF_0,CONF_24,CONF_1,CONF_28,CONF_4
S281,1,CONF_20,CONF_24,CONF_8,CONF_17,CONF_9
S282,2,CONF_15,CONF_23,CONF_21,CONF_12,CONF_17
S283,1,CONF_2,CONF_16,CONF_24,CONF_11,CONF_17
S284,2,CONF_28,CONF_20,CONF_12,CONF_0,CONF_18
S285,2,CONF_10,CONF_1,CONF_16,CONF_19,CONF_9
S286,1,CONF_14,CONF_12,CONF_19,CONF_25,CONF_11
S287,2,CONF_4,CONF_15,CONF_21,CONF_1,CONF_14
S288,1,CONF_21,CONF_5,CONF_19,CONF_28,CONF_17
S289,2,CONF_6,CONF_7,CONF_25,CONF_17,CONF_14
S290,2,CONF_6,CONF_17,CONF_15,CONF_23,CONF_27
S291,1,CONF_27,CONF_21,CONF_20,CONF_28,CONF_25
S292,1,CONF_20,CONF_27,CONF_6,CONF_8,CONF_14
S293,1,CONF_27,CONF_3,CONF_21,CONF_9,CONF_4
S294,2,CONF_3,CONF_14,CONF_5,CONF_27,CONF_7
S295,2,CONF_24,CONF_21,CONF_12,CONF_22,CONF_26
S296,1,CONF_7,CONF_6,CONF_5,CONF_25,CONF_9
S297,2,CONF_18,CONF_6,CONF_9,CONF_17,CONF_22
S298,2,CONF_12,CONF_14,CONF_7,CONF_15,CONF_23
S299,1,CONF_1,CONF_3,CONF_16,CONF_19,CONF_21
S300,2,CONF_20,CONF_3,CONF_9,CONF_13,CONF_15
S301,2,CONF_14,CONF_0,CONF_26,CONF_17,CONF_23
S302,2,CONF_0,CONF_19,CONF_3,CONF_27,CONF_18
S303,1,CONF_25,CONF_6,CONF_17,CONF_14,CONF_22
S304,1,CONF_29,CONF_2,CONF_15,CONF_18,CONF_4
S305,1,CONF_2,CONF_23,CONF_25,CONF_16,CONF_24
S306,2,CONF_18,CONF_28,CONF_26,CONF_22,CONF_12
S307,2,CONF_17,CONF_8,CONF_20,CONF_21,CONF_18
S308,1,CONF_1,CONF_18,CONF_9,CONF_29,CONF_15
S309,2,CONF_5,CONF_9,CONF_10,CONF_12,CONF_23
S310,2,CONF_3,CONF_21,CONF_13,CONF_15,CONF_28
S311,2,CONF_1,CONF_11,CONF_5,CONF_8,CONF_28
S312,1,CONF_10,CONF_18,CONF_11,CONF_24,CONF_20
S313,1,CONF_6,CONF_18,CONF_14,CONF_28,CONF_3
S314,1,CONF_2,CONF_10,CONF_19,CONF_26,CONF_7
S315,1,CONF_20,CONF_1,CONF_24,CONF_29,CONF_16
S316,2,CONF_19,CONF_14,CONF_15,CONF_4,CONF_20
S317,1,CONF_28,CONF_22,CONF_23,CONF_21,CONF_27
S318,1,CONF_26,CONF_14,CONF_11,CONF_12,CONF_3
S319,2,CONF_20,CONF_11,CONF_6,CONF_27,CONF_16
S320,1,CONF_8,CONF_23,CONF_3,CONF_18,CONF_11
S321,1,CONF_24,CONF_14,CONF_19,CONF_8,CONF_1
S322,1,CONF_26,CONF_11,CONF_13,CONF_3,CONF_17
S323,2,CONF_1,CONF_3,CONF_16,CONF_15,CONF_20
S324,1,CONF_2,CONF_28,CONF_16,CONF_4,CONF_11
S325,1,CONF_9,CONF_16,CONF_29,CONF_26,CONF_3
S326,2,CONF_28,CONF_16,CONF_27,CONF_10,CONF_1
S327,1,CONF_15,CONF_10,CONF_8,CONF_25,CONF_0
S328,2,CONF_13,CONF_0,CONF_24,CONF_29,CONF_19
S329,2,CONF_16,CONF_26,CONF_5,CONF_17,CONF_27
S330,1,CONF_29,CONF_27,CONF_11,CONF_9,CONF_26
S331,2,CONF_25,CONF_18,CONF_11,CONF_23,CONF_8
S332,1,CONF_4,CONF_11,CONF_27,CONF_5,CONF_1
S333,2,CONF_8,CONF_29,CONF_3,CONF_5,CONF_1
S334,2,CONF_24,CONF_20,CONF_26,CONF_11,CONF_16
S335,2,CONF_16,CONF_26,CONF_2,CONF_20,CONF_24
S336,2,CONF_22,CONF_25,CONF_15,CONF_7,CONF_18
S337,2,CONF_8,CONF_21,CONF_13,CONF_6,CONF_20
S338,1,CONF_27,CONF_9,CONF_10,CONF_18,CONF_14
S339,1,CONF_9,CONF_8,CONF_26,CONF_2,CONF_11
S340,1,CONF_8,CONF_29,CONF_16,CONF_19,CONF_26
S341,1,CONF_27,CONF_1,CONF_28,CONF_13,CONF_14
S342,1,CONF_15,CONF_2,CONF_13,CONF_18,CONF_22
S343,1,CONF_19,CONF_7,CONF_24,CONF_6,CONF_3
S344,2,CONF_27,CONF_4,CONF_15,CONF_12,CONF_10
S345,1,CONF_26,CONF_6,CONF_24,CONF_29,CONF_2
S346,2,CONF_18,CONF_21,CONF_24,CONF_25,CONF_28
S347,2,CONF_9,CONF_14,CONF_2,CONF_27,CONF_23
S348,1,CONF_6,CONF_7,CONF_17,CONF_9,CONF_19
S349,2,CONF_5,CONF_29,CONF_9,CONF_8,CONF_20
S350,2,CONF_18,CONF_7,CONF_26,CONF_1,CONF_10
S351,1,CONF_23,CONF_1,CONF_12,CONF_22,CONF_8
S352,1,CONF_24,CONF_17,CONF_16,CONF_22,CONF_18
S353,1,CONF_14,CONF_28,CONF_10,CONF_15,CONF_6
S354,1,CONF_1,CONF_11,CONF_9,CONF_24,CONF_18
S355,1,CONF_17,CONF_28,CONF_6,CONF_14,CONF_3
S356,1,CONF_13,CONF_22,CONF_28,CONF_15,CONF_19
S357,1,CONF_25,CONF_8,CONF_4,CONF_29,CONF_1
S358,2,CONF_1,CONF_3,CONF_4,CONF_22,CONF_7
S359,2,CONF_23,CONF_29,CONF_26,CONF_7,CONF_1
S360,1,CONF_8,CONF_18,CONF_28,CONF_11,CONF_7
S361,1,CONF_12,CONF_14,CONF_0,CONF_20,CONF_19
S362,1,CONF_3,CONF_6,CONF_4,CONF_27,CONF_24
S363,2,CONF_1,CONF_2,CONF_27,CONF_4,CONF_12
S364,1,CONF_7,CONF_10,CONF_13,CONF_8,CONF_3
S365,2,CONF_19,CONF_10,CONF_5,CONF_8,CONF_28
S366,2,CONF_1,CONF_15,CONF_20,CONF_2,CONF_27
S367,1,CONF_20,CONF_26,CONF_27,CONF_25,CONF_28
S368,1,CONF_8,CONF_4,CONF_12,CONF_18,CONF_25
S369,2,CONF_20,CONF_8,CONF_10,CONF_19,CONF_9
S370,2,CONF_8,CONF_22,CONF_6,CONF_19,CONF_15
S371,2,CONF_12,CONF_10,CONF_28,CONF_21,CONF_17
S372,2,CONF_5,CONF_29,CONF_28,CONF_10,CONF_21
S373,2,CONF_7,CONF_0,CONF_18,CONF_3,CONF_28
S374,2,CONF_0,CONF_27,CONF_14,CONF_11,CONF_23
S375,1,CONF_2,CONF_23,CONF_9,CONF_21,CONF_27
S376,2,CONF_7,CONF_8,CONF_17,CONF_1,CONF_20
S377,2,CONF_5,CONF_14,CONF_28,CONF_25,CONF_11
S378,2,CONF_29,CONF_15,CONF_25,CONF_8,CONF_16
S379,2,CONF_8,CONF_21,CONF_22,CONF_3,CONF_16
S380,1,CONF_11,CONF_18,CONF_10,CONF_1,CONF_15
S381,2,CONF_13,CONF_24,CONF_6,CONF_28,CONF_19
S382,1,CONF_4,CONF_13,CONF_21,CONF_0,CONF_3
S383,2,CONF_24,CONF_23,CONF_5,CONF_1,CONF_9
S384,2,CONF_19,CONF_28,CONF_10,CONF_14,CONF_24
S385,2,CONF_24,CONF_15,CONF_6,CONF_12,CONF_3
S386,2,CONF_2,CONF_29,CONF_13,CONF_28,CONF_24
S387,1,CONF_15,CONF_12,CONF_20,CONF_19,CONF_7
S388,2,CONF_2,CONF_6,CONF_24,CONF_13,CONF_9
S389,2,CONF_2,CONF_20,CONF_19,CONF_16,CONF_22
S390,1,CONF_28,CONF_13,CONF_25,CONF_14,CONF_26
S391,2,CONF_7,CONF_27,CONF_17,CONF_0,CONF_24
S392,1,CONF_14,CONF_23,CONF_5,CONF_20,CONF_13
S393,2,CONF_7,CONF_5,CONF_1,CONF_29,CONF_21
S394,2,CONF_15,CONF_14,CONF_20,CONF_6,CONF_27
S395,1,CONF_3,CONF_8,CONF_5,CONF_12,CONF_19
S396,1,CONF_1,CONF_3,CONF_9,CONF_29,CONF_8
S397,2,CONF_8,CONF_9,CONF_3,CONF_28,CONF_12
S398,2,CONF_3,CONF_11,CONF_22,CONF_8,CONF_21
S399,2,CONF_28,CONF_26,CONF_10,CONF_2,CONF_4
S400,2,CONF_8,CONF_21,CONF_28,CONF_24,CONF_25
S401,1,CONF_8,CONF_5,CONF_16,CONF_29,CONF_17
S402,2,CONF_9,CONF_8,CONF_21,CONF_23,CONF_27
S403,2,CONF_6,CONF_20,CONF_7,CONF_2,CONF_3
S404,1,CONF_22,CONF_27,CONF_5,CONF_17,CONF_4
S405,1,CONF_19,CONF_10,CONF_26,CONF_3,CONF_15
S406,1,CONF_29,CONF_22,CONF_28,CONF_3,CONF_18
S407,1,CONF_26,CONF_12,CONF_18,CONF_22,CONF_4
S408,1,CONF_25,CONF_8,CONF_22,CONF_26,CONF_27
S409,1,CONF_19,CONF_5,CONF_14,CONF_29,CONF_3
S410,2,CONF_27,CONF_8,CONF_14,CONF_15,CONF_12
S411,2,CONF_16,CONF_29,CONF_10,CONF_6,CONF_9
S412,2,CONF_24,CONF_22,CONF_3,CONF_8,CONF_26
S413,2,CONF_22,CONF_3,CONF_10,CONF_0,CONF_15
S414,1,CONF_17,CONF_23,CONF_0,CONF_10,CONF_12
S415,1,CONF_19,CONF_9,CONF_3,CONF_4,CONF_29
S416,1,CONF_28,CONF_1,CONF_9,CONF_6,CONF_23
S417,2,CONF_17,CONF_14,CONF_24,CONF_23,CONF_18
S418,2,CONF_20,CONF_17,CONF_18,CONF_11,CONF_10
S419,1,CONF_14,CONF_19,CONF_23,CONF_29,CONF_1
S420,1,CONF_20,CONF_16,CONF_3,CONF_7,CONF_14
S421,2,CONF_15,CONF_14,CONF_20,CONF_19,CONF_23
S422,2,CONF_13,CONF_14,CONF_29,CONF_24,CONF_12
S423,1,CONF_7,CONF_14,CONF_23,CONF_12,CONF_24
S424,1,CONF_7,CONF_28,CONF_26,CONF_11,CONF_3
S425,1,CONF_2,CONF_7,CONF_8,CONF_20,CONF_0
S426,1,CONF_6,CONF_19,CONF_4,CONF_8,CONF_12
S427,1,CONF_7,CONF_12,CONF_11,CONF_13,CONF_25
S428,2,CONF_21,CONF_28,CONF_14,CONF_8,CONF_3
S429,1,CONF_12,CONF_15,CONF_17,CONF_21,CONF_8
S430,2,CONF_6,CONF_22,CONF_24,CONF_29,CONF_25
S431,2,CONF_6,CONF_1,CONF_12,CONF_27,CONF_26
S432,2,CONF_26,CONF_10,CONF_4,CONF_16,CONF_20
S433,2,CONF_21,CONF_23,CONF_14,CONF_26,CONF_1
S434,1,CONF_5,CONF_13,CONF_9,CONF_3,CONF_2
S435,2,CONF_21,CONF_26,CONF_1,CONF_9,CONF_8
S436,2,CONF_17,CONF_15,CONF_9,CONF_22,CONF_0
S437,2,CONF_2,CONF_5,CONF_22,CONF_15,CONF_8
S438,2,CONF_13,CONF_8,CONF_28,CONF_29,CONF_6
S439,2,CONF_19,CONF_25,CONF_15,CONF_24,CONF_14
S440,1,CONF_15,CONF_24,CONF_10,CONF_0,CONF_23
S441,1,CONF_11,CONF_20,CONF_2,CONF_23,CONF_29
S442,2,CONF_2,CONF_13,CONF_11,CONF_25,CONF_21
S443,2,CONF_13,CONF_7,CONF_10,CONF_15,CONF_9
S444,1,CONF_21,CONF_22,CONF_25,CONF_15,CONF_29
S445,2,CONF_2,CONF_24,CONF_8,CONF_6,CONF_19
S446,1,CONF_17,CONF_8,CONF_7,CONF_27,CONF_0
S447,2,CONF_26,CONF_17,CONF_29,CONF_27,CONF_0
S448,2,CONF_21,CONF_9,CONF_11,CONF_2,CONF_5
S449,2,CONF_10,CONF_15,CONF_14,CONF_6,CONF_3
S450,2,CONF_1,CONF_7,CONF_23,CONF_14,CONF_17
S451,2,CONF_29,CONF_26,CONF_7,CONF_23,CONF_6
S452,1,CONF_14,CONF_6,CONF_25,CONF_26,CONF_29
S453,2,CONF_0,CONF_17,CONF_19,CONF_13,CONF_7
S454,2,CONF_15,CONF_16,CONF_28,CONF_8,CONF_11
S455,2,CONF_0,CONF_14,CONF_24,CONF_1,CONF_8
S456,1,CONF_19,CONF_6,CONF_25,CONF_23,CONF_8
S457,2,CONF_15,CONF_23,CONF_8,CONF_16,CONF_29
S458,2,CONF_1,CONF_4,CONF_8,CONF_21,CONF_26
S459,2,CONF_21,CONF_2,CONF_16,CONF_28,CONF_14
S460,1,CONF_7,CONF_8,CONF_21,CONF_25,CONF_9
S461,2,CONF_26,CONF_8,CONF_7,CONF_15,CONF_1
S462,2,CONF_3,CONF_6,CONF_27,CONF_28,CONF_12
S463,1,CONF_10,CONF_12,CONF_18,CONF_9,CONF_21
S464,1,CONF_21,CONF_3,CONF_16,CONF_15,CONF_2
S465,2,CONF_28,CONF_18,CONF_25,CONF_2,CONF_16
S466,1,CONF_23,CONF_18,CONF_1,CONF_6,CONF_25
S467,1,CONF_27,CONF_28,CONF_22,CONF_21,CONF_6
S468,1,CONF_24,CONF_19,CONF_25,CONF_5,CONF_12
S469,1,CONF_16,CONF_14,CONF_29,CONF_24,CONF_17
S470,2,CONF_20,CONF_19,CONF_1,CONF_18,CONF_21
S471,1,CONF_10,CONF_0,CONF_26,CONF_25,CONF_24
S472,2,CONF_26,CONF_29,CONF_1,CONF_21,CONF_14
S473,1,CONF_15,CONF_5,CONF_2,CONF_22,CONF_16
S474,1,CONF_1,CONF_26,CONF_12,CONF_27,CONF_24
S475,1,CONF_8,CONF_12,CONF_0,CONF_4,CONF_11
S476,2,CONF_27,CONF_7,CONF_29,CONF_1,CONF_22
S477,2,CONF_1,CONF_18,CONF_7,CONF_27,CONF_11
S478,1,CONF_5,CONF_19,CONF_16,CONF_7,CONF_0
S479,2,CONF_25,CONF_24,CONF_18,CONF_14,CONF_5
S480,2,CONF_29,CONF_27,CONF_10,CONF_9,CONF_14
S481,2,CONF_21,CONF_11,CONF_18,CONF_15,CONF_25
S482,2,CONF_21,CONF_20,CONF_10,CONF_11,CONF_27
S483,1,CONF_23,CONF_26,CONF_4,CONF_9,CONF_20
S484,1,CONF_28,CONF_22,CONF_29,CONF_17,CONF_8
S485,1,CONF_18,CONF_9,CONF_17,CONF_23,CONF_29
S486,1,CONF_9,CONF_29,CONF_20,CONF_12,CONF_0
S487,1,CONF_20,CONF_26,CONF_10,CONF_27,CONF_8
S488,1,CONF_1,CONF_18,CONF_9,CONF_28,CONF_12
S489,2,CONF_10,CONF_13,CONF_20,CONF_11,CONF_28
S490,1,CONF_15,CONF_16,CONF_6,CONF_25,CONF_10
S491,2,CONF_16,CONF_29,CONF_10,CONF_6,CONF_7
S492,2,CONF_22,CONF_19,CONF_11,CONF_27,CONF_8
S493,2,CONF_6,CONF_0,CONF_15,CONF_25,CONF_17
S494,1,CONF_2,CONF_13,CONF_15,CONF_8,CONF_19
S495,2,CONF_20,CONF_28,CONF_10,CONF_6,CONF_17
S496,2,CONF_22,CONF_15,CONF_10,CONF_16,CONF_7
S497,1,CONF_22,CONF_6,CONF_28,CONF_23,CONF_26
S498,2,CONF_19,CONF_4,CONF_24,CONF_21,CONF_2
S499,1,CONF_21,CONF_4,CONF_26,CONF_12,CONF_13
S500,1,CONF_20,CONF_2,CONF_6,CONF_16,CONF_12
S501,2,CONF_28,CONF_5,CONF_14,CONF_20,CONF_17
S502,2,CONF_0,CONF_10,CONF_18,CONF_17,CONF_2
S503,2,CONF_16,CONF_13,CONF_26,CONF_15,CONF_7
S504,1,CONF_17,CONF_2,CONF_22,CONF_15,CONF_4
S505,2,CONF_17,CONF_16,CONF_19,CONF_21,CONF_24
S506,1,CONF_9,CONF_0,CONF_7,CONF_11,CONF_17
S507,2,CONF_19,CONF_13,CONF_7,CONF_6,CONF_24
S508,2,CONF_6,CONF_3,CONF_10,CONF_13,CONF_28
S509,1,CONF_7,CONF_27,CONF_2,CONF_11,CONF_21
S510,2,CONF_25,CONF_11,CONF_20,CONF_19,CONF_17
S511,1,CONF_20,CONF_19,CONF_4,CONF_24,CONF_14
S512,1,CONF_4,CONF_1,CONF_12,CONF_25,CONF_13
S513,2,CONF_17,CONF_16,CONF_8,CONF_15,CONF_23
S514,2,CONF_28,CONF_13,CONF_7,CONF_24,CONF_20
S515,2,CONF_14,CONF_24,CONF_3,CONF_8,CONF_11
S516,1,CONF_9,CONF_29,CONF_3,CONF_20,CONF_26
S517,2,CONF_0,CONF_6,CONF_13,CONF_27,CONF_26
S518,2,CONF_23,CONF_10,CONF_4,CONF_28,CONF_7
S519,2,CONF_28,CONF_12,CONF_3,CONF_11,CONF_9
S520,1,CONF_16,CONF_11,CONF_25,CONF_27,CONF_24
S521,1,CONF_18,CONF_22,CONF_7,CONF_23,CONF_24
S522,1,CONF_2,CONF_13,CONF_25,CONF_9,CONF_22
S523,1,CONF_23,CONF_29,CONF_12,CONF_1,CONF_5
S524,1,CONF_24,CONF_25,CONF_27,CONF_20,CONF_6
S525,2,CONF_7,CONF_11,CONF_29,CONF_10,CONF_12
S526,2,CONF_8,CONF_13,CONF_24,CONF_21,CONF_26
S527,2,CONF_0,CONF_7,CONF_27,CONF_12,CONF_10
S528,2,CONF_17,CONF_16,CONF_15,CONF_20,CONF_4
S529,2,CONF_28,CONF_24,CONF_8,CONF_25,CONF_10
S530,1,CONF_9,CONF_14,CONF_13,CONF_4,CONF_8
S531,1,CONF_20,CONF_24,CONF_18,CONF_17,CONF_4
S532,2,CONF_23,CONF_17,CONF_13,CONF_22,CONF_0
S533,2,CONF_0,CONF_28,CONF_4,CONF_26,CONF_3
S534,2,CONF_11,CONF_4,CONF_16,CONF_6,CONF_26
S535,2,CONF_14,CONF_15,CONF_9,CONF_0,CONF_28
S536,2,CONF_2,CONF_1,CONF_23,CONF_0,CONF_19
S537,2,CONF_8,CONF_27,CONF_7,CONF_19,CONF_22
S538,1,CONF_6,CONF_8,CONF_19,CONF_10,CONF_14
S539,1,CONF_0,CONF_15,CONF_10,CONF_4,CONF_17
S540,1,CONF_2,CONF_27,CONF_18,CONF_5,CONF_7
S541,1,CONF_6,CONF_18,CONF_8,CONF_29,CONF_20
S542,2,CONF_23,CONF_11,CONF_7,CONF_24,CONF_16
S543,2,CONF_12,CONF_20,CONF_27,CONF_7,CONF_29
S544,1,CONF_9,CONF_0,CONF_18,CONF_2,CONF_7
S545,1,CONF_2,CONF_21,CONF_6,CONF_19,CONF_10
S546,1,CONF_10,CONF_18,CONF_22,CONF_15,CONF_21
S547,2,CONF_1,CONF_4,CONF_26,CONF_24,CONF_10
S548,1,CONF_21,CONF_25,CONF_6,CONF_11,CONF_28
S549,2,CONF_20,CONF_4,CONF_15,CONF_11,CONF_23
S550,1,CONF_23,CONF_27,CONF_8,CONF_22,CONF_21
S551,2,CONF_14,CONF_16,CONF_27,CONF_23,CONF_7
S552,2,CONF_16,CONF_24,CONF_10,CONF_18,CONF_13
S553,2,CONF_19,CONF_3,CONF_13,CONF_6,CONF_14
S554,1,CONF_7,CONF_18,CONF_6,CONF_0,CONF_4
S555,2,CONF_16,CONF_29,CONF_12,CONF_13,CONF_5
S556,1,CONF_18,CONF_26,CONF_19,CONF_22,CONF_25
S557,1,CONF_4,CONF_11,CONF_19,CONF_24,CONF_28
S558,1,CONF_2,CONF_6,CONF_3,CONF_23,CONF_21
S559,2,CONF_8,CONF_15,CONF_6,CONF_21,CONF_23
S560,1,CONF_13,CONF_1,CONF_5,CONF_23,CONF_17
S561,2,CONF_23,CONF_10,CONF_29,CONF_28,CONF_4
S562,2,CONF_13,CONF_14,CONF_10,CONF_28,CONF_22
S563,2,CONF_25,CONF_16,CONF_15,CONF_21,CONF_14
S564,1,CONF_12,CONF_22,CONF_25,CONF_28,CONF_20
S565,2,CONF_17,CONF_11,CONF_13,CONF_2,CONF_14
S566,2,CONF_27,CONF_16,CONF_14,CONF_10,CONF_3
S567,2,CONF_11,CONF_0,CONF_18,CONF_17,CONF_10
S568,2,CONF_3,CONF_17,CONF_13,CONF_16,CONF_14
S569,1,CONF_9,CONF_2,CONF_0,CONF_7,CONF_1
S570,2,CONF_10,CONF_21,CONF_23,CONF_11,CONF_24
S571,1,CONF_17,CONF_8,CONF_7,CONF_23,CONF_21
S572,1,CONF_8,CONF_16,CONF_4,CONF_21,CONF_22
S573,2,CONF_6,CONF_12,CONF_15,CONF_23,CONF_20
S574,2,CONF_26,CONF_27,CONF_28,CONF_16,CONF_21
S575,1,CONF_21,CONF_0,CONF_26,CONF_27,CONF_22
S576,2,CONF_23,CONF_0,CONF_26,CONF_10,CONF_3
S577,2,CONF_24,CONF_8,CONF_25,CONF_10,CONF_26
S578,2,CONF_22,CONF_27,CONF_5,CONF_14,CONF_3
S579,1,CONF_27,CONF_5,CONF_9,CONF_4,CONF_11
S580,2,CONF_11,CONF_26,CONF_16,CONF_14,CONF_27
S581,2,CONF_28,CONF_2,CONF_16,CONF_20,CONF_24
S582,1,CONF_18,CONF_21,CONF_5,CONF_10,CONF_26
S583,1,CONF_15,CONF_16,CONF_3,CONF_23,CONF_6
S584,2,CONF_8,CONF_13,CONF_11,CONF_24,CONF_20
S585,2,CONF_21,CONF_3,CONF_22,CONF_7,CONF_2
S586,2,CONF_19,CONF_4,CONF_13,CONF_27,CONF_12
S587,2,CONF_23,CONF_14,CONF_2,CONF_6,CONF_12
S588,2,CONF_4,CONF_2,CONF_5,CONF_9,CONF_18
S589,2,CONF_19,CONF_3,CONF_13,CONF_27,CONF_1
S590,1,CONF_22,CONF_25,CONF_7,CONF_29,CONF_12
S591,1,CONF_19,CONF_23,CONF_25,CONF_20,CONF_28
S592,2,CONF_16,CONF_6,CONF_29,CONF_24,CONF_9
S593,1,CONF_4,CONF_12,CONF_16,CONF_9,CONF_3
S594,2,CONF_11,CONF_5,CONF_23,CONF_20,CONF_0
S595,1,CONF_16,CONF_12,CONF_18,CONF_7,CONF_3
S596,1,CONF_16,CONF_23,CONF_25,CONF_18,CONF_20
S597,2,CONF_14,CONF_21,CONF_6,CONF_20,CONF_25
S598,1,CONF_11,CONF_22,CONF_14,CONF_8,CONF_27
S599,2,CONF_24,CONF_18,CONF_14,CONF_7,CONF_4
S600,2,CONF_22,CONF_12,CONF_7,CONF_6,CONF_18
S601,1,CONF_15,CONF_29,CONF_5,CONF_4,CONF_1
S602,2,CONF_17,CONF_3,CONF_28,CONF_25,CONF_20
S603,2,CONF_5,CONF_24,CONF_6,CONF_11,CONF_3
S604,2,CONF_12,CONF_19,CONF_16,CONF_10,CONF_23
S605,1,CONF_4,CONF_0,CONF_7,CONF_20,CONF_2
S606,1,CONF_8,CONF_14,CONF_4,CONF_9,CONF_20
S607,2,CONF_29,CONF_23,CONF_13,CONF_0,CONF_14
S608,2,CONF_11,CONF_6,CONF_8,CONF_17,CONF_23
S609,1,CONF_26,CONF_12,CONF_9,CONF_8,CONF_5
S610,1,CONF_17,CONF_14,CONF_26,CONF_8,CONF_12
S611,1,CONF_12,CONF_6,CONF_11,CONF_28,CONF_1
S612,2,CONF_5,CONF_8,CONF_18,CONF_22,CONF_3
S613,1,CONF_27,CONF_28,CONF_3,CONF_20,CONF_17
S614,2,CONF_5,CONF_16,CONF_23,CONF_17,CONF_6
S615,1,CONF_10,CONF_2,CONF_25,CONF_0,CONF_8
S616,2,CONF_1,CONF_28,CONF_13,CONF_11,CONF_14
S617,2,CONF_2,CONF_0,CONF_15,CONF_20,CONF_16
S618,1,CONF_1,CONF_26,CONF_0,CONF_28,CONF_29
S619,2,CONF_13,CONF_24,CONF_26,CONF_2,CONF_28
S620,2,CONF_8,CONF_29,CONF_21,CONF_11,CONF_18
S621,2,CONF_25,CONF_4,CONF_13,CONF_28,CONF_2
S622,2,CONF_6,CONF_8,CONF_19,CONF_4,CONF_24
S623,2,CONF_22,CONF_23,CONF_20,CONF_27,CONF_5
S624,2,CONF_20,CONF_1,CONF_3,CONF_24,CONF_10
S625,2,CONF_1,CONF_22,CONF_13,CONF_17,CONF_14
S626,1,CONF_17,CONF_3,CONF_0,CONF_23,CONF_12
S627,1,CONF_20,CONF_3,CONF_10,CONF_19,CONF_13
S628,2,CONF_20,CONF_13,CONF_8,CONF_1,CONF_17
S629,1,CONF_3,CONF_17,CONF_6,CONF_15,CONF_22
S630,2,CONF_26,CONF_4,CONF_28,CONF_13,CONF_16
S631,2,CONF_25,CONF_18,CONF_11,CONF_2,CONF_24
S632,1,CONF_10,CONF_27,CONF_12,CONF_5,CONF_23
S633,2,CONF_14,CONF_29,CONF_23,CONF_4,CONF_16
S634,1,CONF_1,CONF_0,CONF_18,CONF_14,CONF_7
S635,2,CONF_14,CONF_4,CONF_23,CONF_13,CONF_12
S636,1,CONF_5,CONF_18,CONF_24,CONF_27,CONF_3
S637,1,CONF_8,CONF_16,CONF_1,CONF_10,CONF_21
S638,1,CONF_25,CONF_9,CONF_6,CONF_19,CONF_12
S639,1,CONF_26,CONF_20,CONF_21,CONF_7,CONF_11
S640,2,CONF_0,CONF_16,CONF_12,CONF_2,CONF_21
S641,2,CONF_27,CONF_20,CONF_7,CONF_16,CONF_14
S642,2,CONF_2,CONF_28,CONF_1,CONF_29,CONF_21
S643,2,CONF_14,CONF_18,CONF_29,CONF_4,CONF_28
S644,1,CONF_28,CONF_16,CONF_22,CONF_21,CONF_15
S645,1,CONF_23,CONF_5,CONF_27,CONF_0,CONF_17
S646,2,CONF_6,CONF_16,CONF_15,CONF_1,CONF_0
S647,2,CONF_6,CONF_26,CONF_1,CONF_16,CONF_23
S648,2,CONF_22,CONF_5,CONF_1,CONF_26,CONF_11
S649,1,CONF_7,CONF_8,CONF_13,CONF_24,CONF_5
S650,1,CONF_27,CONF_29,CONF_9,CONF_22,CONF_23
S651,1,CONF_28,CONF_2,CONF_10,CONF_0,CONF_17
S652,1,CONF_1,CONF_11,CONF_17,CONF_21,CONF_10
S653,2,CONF_2,CONF_20,CONF_27,CONF_18,CONF_7
S654,2,CONF_24,CONF_20,CONF_18,CONF_29,CONF_16
S655,2,CONF_8,CONF_28,CONF_1,CONF_9,CONF_22
S656,2,CONF_0,CONF_21,CONF_6,CONF_19,CONF_7
S657,1,CONF_0,CONF_8,CONF_21,CONF_15,CONF_13
S658,1,CONF_16,CONF_25,CONF_24,CONF_3,CONF_27
S659,1,CONF_1,CONF_11,CONF_18,CONF_22,CONF_21
S660,1,CONF_25,CONF_8,CONF_23,CONF_1,CONF_6
S661,1,CONF_29,CONF_6,CONF_16,CONF_15,CONF_2
S662,1,CONF_9,CONF_25,CONF_16,CONF_26,CONF_5
S663,2,CONF_8,CONF_6,CONF_2,CONF_12,CONF_5
S664,2,CONF_29,CONF_9,CONF_17,CONF_1,CONF_6
S665,1,CONF_25,CONF_17,CONF_18,CONF_14,CONF_13
S666,1,CONF_10,CONF_11,CONF_13,CONF_17,CONF_28
S667,2,CONF_29,CONF_24,CONF_8,CONF_1,CONF_5
S668,1,CONF_23,CONF_21,CONF_20,CONF_7,CONF_19
S669,2,CONF_9,CONF_18,CONF_8,CONF_28,CONF_27
S670,1,CONF_8,CONF_28,CONF_7,CONF_18,CONF_4
S671,1,CONF_4,CONF_15,CONF_21,CONF_18,CONF_20
S672,1,CONF_9,CONF_17,CONF_20,CONF_4,CONF_2
S673,2,CONF_5,CONF_4,CONF_13,CONF_14,CONF_19
S674,2,CONF_6,CONF_11,CONF_0,CONF_25,CONF_13
S675,1,CONF_10,CONF_5,CONF_28,CONF_24,CONF_17
S676,2,CONF_1,CONF_4,CONF_29,CONF_6,CONF_26
S677,2,CONF_23,CONF_9,CONF_6,CONF_25,CONF_26
S678,2,CONF_20,CONF_1,CONF_23,CONF_22,CONF_25
S679,1,CONF_28,CONF_15,CONF_14,CONF_1,CONF_16
S680,2,CONF_17,CONF_20,CONF_2,CONF_16,CONF_3
S681,2,CONF_22,CONF_10,CONF_11,CONF_13,CONF_9
S682,1,CONF_10,CONF_9,CONF_6,CONF_12,CONF_0
S683,2,CONF_25,CONF_4,CONF_17,CONF_29,CONF_26
S684,1,CONF_27,CONF_13,CONF_18,CONF_24,CONF_15
S685,2,CONF_4,CONF_26,CONF_27,CONF_7,CONF_8
S686,1,CONF_2,CONF_11,CONF_27,CONF_14,CONF_22
S687,2,CONF_1,CONF_19,CONF_16,CONF_27,CONF_6
S688,2,CONF_19,CONF_25,CONF_11,CONF_26,CONF_22
S689,1,CONF_26,CONF_6,CONF_17,CONF_2,CONF_23
S690,2,CONF_15,CONF_28,CONF_14,CONF_13,CONF_6
S691,2,CONF_12,CONF_6,CONF_1,CONF_15,CONF_3
S692,1,CONF_25,CONF_26,CONF_3,CONF_16,CONF_29
S693,2,CONF_3,CONF_8,CONF_21,CONF_12,CONF_6
S694,2,CONF_28,CONF_5,CONF_14,CONF_13,CONF_16
S695,2,CONF_27,CONF_14,CONF_9,CONF_17,CONF_23
S696,1,CONF_18,CONF_2,CONF_24,CONF_10,CONF_4
S697,1,CONF_8,CONF_12,CONF_13,CONF_9,CONF_20
S698,2,CONF_25,CONF_7,CONF_8,CONF_4,CONF_9
S699,1,CONF_21,CONF_14,CONF_18,CONF_17,CONF_2
S700,2,CONF_24,CONF_12,CONF_26,CONF_27,CONF_29
S701,2,CONF_27,CONF_19,CONF_3,CONF_29,CONF_17
S702,1,CONF_26,CONF_0,CONF_27,CONF_11,CONF_14
S703,1,CONF_14,CONF_1,CONF_13,CONF_22,CONF_23
S704,2,CONF_6,CONF_18,CONF_28,CONF_29,CONF_26
S705,1,CONF_11,CONF_15,CONF_8,CONF_21,CONF_29
S706,1,CONF_17,CONF_20,CONF_19,CONF_10,CONF_4
S707,1,CONF_6,CONF_13,CONF_5,CONF_3,CONF_28
S708,1,CONF_13,CONF_15,CONF_18,CONF_21,CONF_27
S709,2,CONF_26,CONF_27,CONF_20,CONF_13,CONF_22
S710,2,CONF_23,CONF_17,CONF_6,CONF_14,CONF_12
S711,2,CONF_10,CONF_29,CONF_4,CONF_6,CONF_27
S712,2,CONF_6,CONF_5,CONF_23,CONF_18,CONF_19
S713,1,CONF_24,CONF_29,CONF_11,CONF_19,CONF_4
S714,1,CONF_9,CONF_27,CONF_5,CONF_6,CONF_13
S715,2,CONF_23,CONF_17,CONF_7,CONF_25,CONF_28
S716,1,CONF_20,CONF_18,CONF_10,CONF_15,CONF_24
S717,1,CONF_23,CONF_15,CONF_19,CONF_10,CONF_27
S718,1,CONF_11,CONF_7,CONF_25,CONF_18,CONF_9
S719,2,CONF_6,CONF_23,CONF_29,CONF_3,CONF_21
S720,1,CONF_4,CONF_1,CONF_5,CONF_22,CONF_3
S721,2,CONF_5,CONF_18,CONF_25,CONF_22,CONF_11
S722,1,CONF_29,CONF_16,CONF_17,CONF_14,CONF_18
S723,1,CONF_29,CONF_26,CONF_18,CONF_21,CONF_1
S724,1,CONF_4,CONF_8,CONF_19,CONF_15,CONF_10
S725,2,CONF_24,CONF_13,CONF_16,CONF_3,CONF_18
S726,2,CONF_17,CONF_23,CONF_0,CONF_18,CONF_11
S727,2,CONF_1,CONF_13,CONF_25,CONF_24,CONF_12
S728,2,CONF_4,CONF_7,CONF_23,CONF_11,CONF_24
S729,2,CONF_11,CONF_12,CONF_5,CONF_3,CONF_6
S730,1,CONF_22,CONF_24,CONF_18,CONF_9,CONF_8
S731,2,CONF_21,CONF_16,CONF_12,CONF_28,CONF_3
S732,2,CONF_16,CONF_3,CONF_25,CONF_14,CONF_9
S733,1,CONF_23,CONF_27,CONF_3,CONF_16,CONF_0
S734,2,CONF_29,CONF_12,CONF_3,CONF_9,CONF_16
S735,2,CONF_4,CONF_11,CONF_6,CONF_14,CONF_15
S736,2,CONF_26,CONF_6,CONF_20,CONF_0,CONF_14
S737,2,CONF_27,CONF_28,CONF_20,CONF_23,CONF_10
S738,2,CONF_29,CONF_20,CONF_1,CONF_0,CONF_11
S739,1,CONF_24,CONF_16,CONF_20,CONF_22,CONF_11
S740,1,CONF_20,CONF_3,CONF_17,CONF_10,CONF_9
S741,1,CONF_13,CONF_10,CONF_3,CONF_5,CONF_29
S742,2,CONF_11,CONF_26,CONF_22,CONF_0,CONF_2
S743,1,CONF_2,CONF_23,CONF_16,CONF_10,CONF_5
S744,1,CONF_7,CONF_20,CONF_6,CONF_21,CONF_5
S745,1,CONF_25,CONF_18,CONF_17,CONF_7,CONF_24
S746,1,CONF_24,CONF_12,CONF_2,CONF_1,CONF_29
S747,1,CONF_16,CONF_24,CONF_10,CONF_4,CONF_7
S748,2,CONF_22,CONF_2,CONF_8,CONF_16,CONF_14
S749,1,CONF_28,CONF_18,CONF_24,CONF_13,CONF_25
S750,2,CONF_14,CONF_17,CONF_26,CONF_25,CONF_27
S751,1,CONF_29,CONF_19,CONF_8,CONF_6,CONF_20
S752,2,CONF_28,CONF_25,CONF_20,CONF_13,CONF_11
S753,2,CONF_11,CONF_9,CONF_27,CONF_24,CONF_22
S754,2,CONF_27,CONF_22,CONF_9,CONF_25,CONF_1
S755,1,CONF_1,CONF_16,CONF_15,CONF_26,CONF_23
S756,2,CONF_18,CONF_26,CONF_8,CONF_2,CONF_28
S757,2,CONF_24,CONF_12,CONF_5,CONF_27,CONF_25
S758,1,CONF_7,CONF_17,CONF_25,CONF_14,CONF_10
S759,1,CONF_3,CONF_17,CONF_22,CONF_6,CONF_27
S760,2,CONF_21,CONF_15,CONF_25,CONF_28,CONF_26
S761,2,CONF_12,CONF_9,CONF_22,CONF_5,CONF_0
S762,1,CONF_23,CONF_4,CONF_2,CONF_1,CONF_7
S763,2,CONF_15,CONF_14,CONF_12,CONF_0,CONF_4
S764,2,CONF_5,CONF_7,CONF_1,CONF_21,CONF_23
S765,2,CONF_11,CONF_23,CONF_18,CONF_25,CONF_15
S766,2,CONF_6,CONF_10,CONF_29,CONF_5,CONF_19
S767,2,CONF_8,CONF_12,CONF_16,CONF_28,CONF_14
S768,1,CONF_18,CONF_20,CONF_26,CONF_15,CONF_6
S769,2,CONF_13,CONF_16,CONF_9,CONF_7,CONF_21
S770,1,CONF_24,CONF_1,CONF_9,CONF_8,CONF_27
S771,2,CONF_26,CONF_0,CONF_8,CONF_21,CONF_13
S772,1,CONF_17,CONF_22,CONF_16,CONF_0,CONF_23
S773,1,CONF_19,CONF_2,CONF_17,CONF_28,CONF_24
S774,1,CONF_19,CONF_5,CONF_1,CONF_9,CONF_20
S775,1,CONF_2,CONF_29,CONF_22,CONF_14,CONF_15
S776,2,CONF_17,CONF_0,CONF_21,CONF_28,CONF_20
S777,1,CONF_9,CONF_23,CONF_10,CONF_24,CONF_2
S778,1,CONF_16,CONF_12,CONF_20,CONF_18,CONF_29
S779,1,CONF_16,CONF_20,CONF_23,CONF_25,CONF_18
S780,2,CONF_25,CONF_5,CONF_17,CONF_22,CONF_2
S781,2,CONF_25,CONF_1,CONF_4,CONF_23,CONF_6
S782,2,CONF_11,CONF_5,CONF_19,CONF_8,CONF_1
S783,2,CONF_28,CONF_15,CONF_20,CONF_10,CONF_25
S784,2,CONF_15,CONF_22,CONF_29,CONF_21,CONF_27
S785,1,CONF_1,CONF_20,CONF_11,CONF_25,CONF_9
S786,1,CONF_23,CONF_8,CONF_13,CONF_22,CONF_24
S787,1,CONF_5,CONF_3,CONF_25,CONF_2,CONF_9
S788,1,CONF_22,CONF_5,CONF_8,CONF_3,CONF_18
S789,1,CONF_4,CONF_20,CONF_3,CONF_15,CONF_25
S790,1,CONF_26,CONF_20,CONF_22,CONF_0,CONF_19
S791,1,CONF_8,CONF_6,CONF_11,CONF_17,CONF_2
S792,1,CONF_4,CONF_14,CONF_25,CONF_17,CONF_13
S793,1,CONF_2,CONF_22,CONF_7,CONF_1,CONF_8
S794,1,CONF_27,CONF_0,CONF_12,CONF_20,CONF_7
S795,2,CONF_10,CONF_9,CONF_12,CONF_0,CONF_18
S796,2,CONF_19,CONF_8,CONF_14,CONF_6,CONF_4
S797,2,CONF_4,CONF_0,CONF_11,CONF_27,CONF_9
S798,1,CONF_25,CONF_4,CONF_11,CONF_8,CONF_29
S799,2,CONF_12,CONF_9,CONF_19,CONF_24,CONF_20
S800,2,CONF_28,CONF_10,CONF_15,CONF_0,CONF_20
S801,2,CONF_8,CONF_12,CONF_19,CONF_10,CONF_4
S802,1,CONF_7,CONF_24,CONF_4,CONF_18,CONF_8
S803,2,CONF_17,CONF_5,CONF_13,CONF_7,CONF_14
S804,2,CONF_0,CONF_5,CONF_10,CONF_4,CONF_6
S805,2,CONF_13,CONF_3,CONF_12,CONF_27,CONF_21
S806,2,CONF_13,CONF_4,CONF_0,CONF_18,CONF_6
S807,1,CONF_15,CONF_9,CONF_24,CONF_17,CONF_3
S808,2,CONF_2,CONF_16,CONF_12,CONF_27,CONF_8
S809,2,CONF_6,CONF_22,CONF_21,CONF_4,CONF_27
S810,1,CONF_11,CONF_26,CONF_8,CONF_18,CONF_29
S811,1,CONF_10,CONF_15,CONF_1,CONF_18,CONF_11
S812,1,CONF_10,CONF_14,CONF_11,CONF_3,CONF_23
S813,1,CONF_1,CONF_16,CONF_28,CONF_15,CONF_9
S814,2,CONF_19,CONF_16,CONF_29,CONF_17,CONF_14
S815,1,CONF_24,CONF_11,CONF_20,CONF_0,CONF_22
S816,1,CONF_6,CONF_9,CONF_2,CONF_4,CONF_28
S817,1,CONF_8,CONF_2,CONF_3,CONF_23,CONF_25
S818,1,CONF_5,CONF_2,CONF_23,CONF_1,CONF_4
S819,1,CONF_24,CONF_7,CONF_0,CONF_8,CONF_15
S820,1,CONF_14,CONF_25,CONF_16,CONF_20,CONF_4
S821,2,CONF_16,CONF_2,CONF_29,CONF_19,CONF_5
S822,1,CONF_4,CONF_14,CONF_0,CONF_8,CONF_11
S823,1,CONF_20,CONF_16,CONF_29,CONF_19,CONF_12
S824,2,CONF_6,CONF_19,CONF_4,CONF_10,CONF_24
S825,1,CONF_5,CONF_12,CONF_18,CONF_29,CONF_26
S826,2,CONF_18,CONF_17,CONF_9,CONF_19,CONF_4
S827,1,CONF_21,CONF_15,CONF_2,CONF_19,CONF_8
S828,2,CONF_20,CONF_18,CONF_19,CONF_7,CONF_29
S829,2,CONF_15,CONF_8,CONF_12,CONF_24,CONF_28
S830,2,CONF_14,CONF_17,CONF_11,CONF_21,CONF_26
S831,2,CONF_4,CONF_5,CONF_22,CONF_13,CONF_11
S832,1,CONF_6,CONF_22,CONF_1,CONF_9,CONF_14
S833,2,CONF_2,CONF_8,CONF_14,CONF_21,CONF_6
S834,2,CONF_9,CONF_6,CONF_24,CONF_20,CONF_4
S835,2,CONF_3,CONF_25,CONF_11,CONF_1,CONF_5
S836,1,CONF_22,CONF_11,CONF_10,CONF_14,CONF_16
S837,2,CONF_8,CONF_27,CONF_26,CONF_23,CONF_25
S838,1,CONF_5,CONF_2,CONF_12,CONF_10,CONF_26
S839,2,CONF_23,CONF_18,CONF_26,CONF_0,CONF_4
S840,1,CONF_19,CONF_16,CONF_27,CONF_24,CONF_12
S841,1,CONF_19,CONF_24,CONF_21,CONF_20,CONF_2
S842,2,CONF_23,CONF_0,CONF_26,CONF_2,CONF_15
S843,2,CONF_27,CONF_16,CONF_19,CONF_22,CONF_14
S844,2,CONF_2,CONF_4,CONF_5,CONF_15,CONF_3
S845,1,CONF_0,CONF_29,CONF_16,CONF_12,CONF_8
S846,1,CONF_22,CONF_6,CONF_23,CONF_19,CONF_17
S847,1,CONF_29,CONF_20,CONF_28,CONF_8,CONF_9
S848,2,CONF_21,CONF_14,CONF_16,CONF_5,CONF_9
S849,2,CONF_0,CONF_5,CONF_25,CONF_3,CONF_7
S850,1,CONF_6,CONF_3,CONF_15,CONF_2,CONF_24
S851,1,CONF_2,CONF_7,CONF_1,CONF_15,CONF_24
S852,2,CONF_15,CONF_13,CONF_12,CONF_2,CONF_14
S853,1,CONF_29,CONF_15,CONF_26,CONF_20,CONF_28
S854,1,CONF_7,CONF_19,CONF_22,CONF_15,CONF_8
S855,2,CONF_25,CONF_22,CONF_26,CONF_16,CONF_17
S856,2,CONF_8,CONF_14,CONF_11,CONF_6,CONF_25
S857,1,CONF_1,CONF_26,CONF_19,CONF_13,CONF_4
S858,1,CONF_13,CONF_1,CONF_11,CONF_9,CONF_7
S859,1,CONF_11,CONF_19,CONF_9,CONF_14,CONF_27
S860,2,CONF_19,CONF_8,CONF_18,CONF_29,CONF_15
S861,2,CONF_28,CONF_13,CONF_1,CONF_17,CONF_11
S862,2,CONF_9,CONF_5,CONF_27,CONF_24,CONF_13
S863,1,CONF_28,CONF_7,CONF_14,CONF_18,CONF_15
S864,2,CONF_9,CONF_17,CONF_11,CONF_8,CONF_12
S865,2,CONF_18,CONF_23,CONF_13,CONF_8,CONF_2
S866,2,CONF_21,CONF_17,CONF_13,CONF_14,CONF_9
S867,1,CONF_13,CONF_5,CONF_26,CONF_15,CONF_24
S868,2,CONF_6,CONF_10,CONF_24,CONF_11,CONF_22
S869,2,CONF_20,CONF_18,CONF_17,CONF_7,CONF_8
S870,2,CONF_3,CONF_22,CONF_14,CONF_8,CONF_1
S871,2,CONF_0,CONF_20,CONF_25,CONF_13,CONF_27
S872,1,CONF_19,CONF_16,CONF_6,CONF_0,CONF_3
S873,1,CONF_27,CONF_5,CONF_7,CONF_10,CONF_11
S874,1,CONF_15,CONF_10,CONF_21,CONF_4,CONF_18
S875,2,CONF_2,CONF_24,CONF_4,CONF_18,CONF_11
S876,1,CONF_19,CONF_10,CONF_25,CONF_21,CONF_26
S877,1,CONF_19,CONF_29,CONF_9,CONF_0,CONF_14
S878,2,CONF_27,CONF_5,CONF_29,CONF_0,CONF_1
S879,2,CONF_4,CONF_16,CONF_17,CONF_1,CONF_11
S880,2,CONF_0,CONF_27,CONF_18,CONF_17,CONF_21
S881,1,CONF_18,CONF_29,CONF_14,CONF_17,CONF_2
S882,1,CONF_3,CONF_5,CONF_26,CONF_20,CONF_25
S883,1,CONF_29,CONF_14,CONF_22,CONF_13,CONF_1
S884,2,CONF_1,CONF_19,CONF_28,CONF_25,CONF_15
S885,2,CONF_9,CONF_18,CONF_14,CONF_0,CONF_11
S886,1,CONF_28,CONF_26,CONF_5,CONF_6,CONF_18
S887,1,CONF_18,CONF_25,CONF_21,CONF_20,CONF_1
S888,1,CONF_28,CONF_14,CONF_15,CONF_4,CONF_9
S889,1,CONF_26,CONF_17,CONF_22,CONF_16,CONF_11
S890,2,CONF_17,CONF_1,CONF_8,CONF_16,CONF_4
S891,2,CONF_29,CONF_27,CONF_11,CONF_24,CONF_0
S892,2,CONF_28,CONF_29,CONF_3,CONF_8,CONF_27
S893,1,CONF_7,CONF_3,CONF_8,CONF_9,CONF_25
S894,2,CONF_19,CONF_9,CONF_2,CONF_1,CONF_29
S895,2,CONF_5,CONF_22,CONF_7,CONF_9,CONF_19
S896,1,CONF_14,CONF_23,CONF_7,CONF_27,CONF_8
S897,2,CONF_24,CONF_15,CONF_11,CONF_13,CONF_14
S898,2,CONF_22,CONF_5,CONF_17,CONF_16,CONF_26
S899,2,CONF_4,CONF_6,CONF_27,CONF_21,CONF_18
S900,2,CONF_17,CONF_14,CONF_1,CONF_9,CONF_29
S901,2,CONF_3,CONF_23,CONF_25,CONF_4,CONF_18
S902,1,CONF_10,CONF_17,CONF_15,CONF_18,CONF_14
S903,1,CONF_22,CONF_25,CONF_27,CONF_9,CONF_11
S904,2,CONF_26,CONF_15,CONF_21,CONF_7,CONF_12
S905,2,CONF_19,CONF_9,CONF_26,CONF_13,CONF_0
S906,2,CONF_14,CONF_21,CONF_28,CONF_26,CONF_11
S907,1,CONF_16,CONF_9,CONF_28,CONF_6,CONF_19
S908,1,CONF_19,CONF_17,CONF_5,CONF_18,CONF_4
S909,1,CONF_23,CONF_22,CONF_7,CONF_17,CONF_13
S910,1,CONF_25,CONF_0,CONF_22,CONF_3,CONF_23
S911,1,CONF_15,CONF_23,CONF_16,CONF_21,CONF_0
S912,2,CONF_23,CONF_5,CONF_21,CONF_16,CONF_28
S913,1,CONF_7,CONF_3,CONF_1,CONF_5,CONF_10
S914,2,CONF_20,CONF_22,CONF_29,CONF_17,CONF_23
S915,2,CONF_9,CONF_6,CONF_7,CONF_13,CONF_16
S916,2,CONF_23,CONF_14,CONF_16,CONF_6,CONF_9
S917,2,CONF_21,CONF_19,CONF_17,CONF_20,CONF_9
S918,1,CONF_23,CONF_20,CONF_18,CONF_22,CONF_4
S919,1,CONF_16,CONF_11,CONF_24,CONF_19,CONF_9
S920,1,CONF_1,CONF_17,CONF_4,CONF_28,CONF_25
S921,1,CONF_10,CONF_28,CONF_26,CONF_6,CONF_27
S922,1,CONF_29,CONF_1,CONF_5,CONF_6,CONF_26
S923,1,CONF_5,CONF_18,CONF_12,CONF_1,CONF_26
S924,2,CONF_1,CONF_11,CONF_15,CONF_5,CONF_28
S925,2,CONF_23,CONF_29,CONF_14,CONF_22,CONF_15
S926,1,CONF_20,CONF_16,CONF_6,CONF_15,CONF_9
S927,1,CONF_3,CONF_20,CONF_27,CONF_23,CONF_12
S928,2,CONF_0,CONF_24,CONF_9,CONF_3,CONF_22
S929,2,CONF_9,CONF_1,CONF_6,CONF_3,CONF_13
S930,1,CONF_7,CONF_4,CONF_5,CONF_0,CONF_22
S931,1,CONF_24,CONF_6,CONF_27,CONF_12,CONF_18
S932,2,CONF_19,CONF_24,CONF_6,CONF_8,CONF_0
S933,2,CONF_25,CONF_4,CONF_0,CONF_5,CONF_11
S934,2,CONF_27,CONF_4,CONF_16,CONF_5,CONF_8
S935,1,CONF_5,CONF_28,CONF_21,CONF_10,CONF_29
S936,1,CONF_7,CONF_9,CONF_29,CONF_10,CONF_16
S937,2,CONF_4,CONF_26,CONF_10,CONF_13,CONF_29
S938,2,CONF_1,CONF_27,CONF_5,CONF_26,CONF_6
S939,1,CONF_13,CONF_14,CONF_15,CONF_1,CONF_25
S940,1,CONF_19,CONF_14,CONF_4,CONF_9,CONF_16
S941,1,CONF_12,CONF_6,CONF_18,CONF_8,CONF_14
S942,1,CONF_25,CONF_15,CONF_13,CONF_11,CONF_29
S943,2,CONF_24,CONF_19,CONF_20,CONF_2,CONF_27
S944,2,CONF_0,CONF_23,CONF_13,CONF_29,CONF_22
S945,1,CONF_6,CONF_13,CONF_4,CONF_27,CONF_12
S946,1,CONF_2,CONF_7,CONF_21,CONF_18,CONF_10
S947,1,CONF_26,CONF_6,CONF_10,CONF_27,CONF_21
S948,2,CONF_12,CONF_26,CONF_20,CONF_18,CONF_22
S949,2,CONF_4,CONF_9,CONF_0,CONF_12,CONF_17
S950,1,CONF_24,CONF_5,CONF_2,CONF_17,CONF_3
S951,2,CONF_26,CONF_24,CONF_23,CONF_14,CONF_29
S952,2,CONF_6,CONF_27,CONF_23,CONF_22,CONF_24
S953,1,CONF_3,CONF_23,CONF_13,CONF_10,CONF_20
S954,1,CONF_1,CONF_24,CONF_19,CONF_0,CONF_22
S955,1,CONF_12,CONF_18,CONF_29,CONF_5,CONF_28
S956,1,CONF_19,CONF_24,CONF_27,CONF_10,CONF_6
S957,2,CONF_1,CONF_23,CONF_0,CONF_27,CONF_24
S958,1,CONF_7,CONF_4,CONF_12,CONF_10,CONF_28
S959,1,CONF_25,CONF_20,CONF_11,CONF_1,CONF_8
S960,2,CONF_28,CONF_21,CONF_24,CONF_13,CONF_11
S961,2,CONF_25,CONF_27,CONF_23,CONF_7,CONF_1
S962,2,CONF_26,CONF_3,CONF_12,CONF_18,CONF_4
S963,2,CONF_11,CONF_16,CONF_23,CONF_8,CONF_17
S964,1,CONF_19,CONF_2,CONF_7,CONF_14,CONF_15
S965,1,CONF_18,CONF_25,CONF_22,CONF_2,CONF_21
S966,1,CONF_16,CONF_3,CONF_5,CONF_10,CONF_24
S967,1,CONF_28,CONF_20,CONF_23,CONF_14,CONF_9
S968,2,CONF_21,CONF_2,CONF_28,CONF_5,CONF_24
S969,2,CONF_12,CONF_24,CONF_16,CONF_22,CONF_26
S970,2,CONF_14,CONF_0,CONF_25,CONF_17,CONF_1
S971,2,CONF_9,CONF_10,CONF_28,CONF_20,CONF_19
S972,1,CONF_11,CONF_20,CONF_24,CONF_16,CONF_0
S973,2,CONF_11,CONF_21,CONF_7,CONF_13,CONF_17
S974,2,CONF_1,CONF_27,CONF_18,CONF_14,CONF_2
S975,2,CONF_22,CONF_19,CONF_27,CONF_18,CONF_21
S976,1,CONF_21,CONF_17,CONF_24,CONF_28,CONF_14
S977,2,CONF_26,CONF_3,CONF_11,CONF_22,CONF_7
S978,1,CONF_13,CONF_17,CONF_25,CONF_14,CONF_28
S979,1,CONF_15,CONF_1,CONF_9,CONF_21,CONF_14
S980,2,CONF_0,CONF_15,CONF_19,CONF_29,CONF_23
S981,2,CONF_22,CONF_5,CONF_24,CONF_8,CONF_21
S982,1,CONF_24,CONF_0,CONF_25,CONF_22,CONF_28
S983,1,CONF_7,CONF_20,CONF_27,CONF_15,CONF_10
S984,2,CONF_2,CONF_15,CONF_26,CONF_19,CONF_6
S985,1,CONF_22,CONF_13,CONF_28,CONF_8,CONF_7
S986,1,CONF_29,CONF_26,CONF_18,CONF_24,CONF_17
S987,1,CONF_9,CONF_17,CONF_20,CONF_3,CONF_10
S988,2,CONF_8,CONF_29,CONF_19,CONF_20,CONF_21
S989,2,CONF_10,CONF_22,CONF_7,CONF_27,CONF_23
S990,2,CONF_8,CONF_6,CONF_21,CONF_26,CONF_18
S991,1,CONF_23,CONF_1,CONF_5,CONF_18,CONF_21
S992,1,CONF_0,CONF_9,CONF_11,CONF_10,CONF_21
S993,1,CONF_9,CONF_25,CONF_20,CONF_18,CONF_14
S994,1,CONF_12,CONF_1,CONF_18,CONF_19,CONF_2
S995,2,CONF_2,CONF_10,CONF_19,CONF_15,CONF_29
S996,1,CONF_3,CONF_6,CONF_12,CONF_8,CONF_20
S997,2,CONF_23,CONF_29,CONF_10,CONF_7,CONF_25
S998,1,CONF_1,CONF_3,CONF_17,CONF_7,CONF_10
S999,2,CONF_1,CONF_22,CONF_2,CONF_8,CONF_7
